Year,Team,1,2,3,4,5,6,7,8,9,10,11,12,13,14,15,16,17,18,19,20,21,22,23,24
2018,Richmond,7,12,9,3,1,1,1,1,2,2,2,2,1,1,1,1,1,1,1,1,1,1,1,
2018,West Coast,14,8,5,2,2,2,2,2,1,1,1,1,2,3,3,3,2,2,2,2,2,2,2,
2018,Collingwood,16,16,14,10,5,10,9,11,10,8,7,6,6,4,2,2,3,3,3,6,5,3,3,
2018,Hawthorn,3,4,8,4,7,4,4,5,9,10,10,11,9,9,10,8,10,8,7,5,4,4,4,
2018,Melbourne,10,6,4,12,14,12,10,6,3,3,3,5,4,6,7,6,6,7,6,4,7,7,5,
2018,Sydney,5,9,7,6,10,7,8,7,5,4,4,3,3,2,4,5,4,4,9,8,6,5,6,
2018,GWS Giants,1,1,2,1,3,3,5,9,11,11,11,9,10,10,6,10,7,6,5,3,3,6,7,
2018,Geelong,9,10,12,8,6,9,6,3,8,6,5,4,5,7,8,7,8,9,8,9,9,8,8,
2018,North Melbourne,15,5,11,7,4,8,7,10,7,5,6,7,8,8,9,9,9,10,10,10,10,10,9,
2018,Port Adelaide,2,2,1,5,9,6,11,8,6,9,8,8,7,5,5,4,5,5,4,7,8,9,10,
2018,Essendon,8,11,13,11,13,14,15,15,14,12,12,12,13,12,12,12,12,11,11,11,11,11,11,
2018,Adelaide,11,7,3,9,8,5,3,4,4,7,9,10,11,11,11,11,11,12,12,12,12,12,12,
2018,Western Bulldogs,18,18,16,15,16,15,14,13,13,14,14,14,14,14,14,14,14,14,14,14,14,13,13,
2018,Fremantle,17,14,10,13,11,11,12,12,12,13,13,13,12,13,13,13,13,13,13,13,13,14,14,
2018,Brisbane,13,15,17,17,17,17,17,18,17,17,17,17,17,17,17,16,16,16,16,16,16,15,15,
2018,St Kilda,6,13,15,16,15,16,16,16,16,16,16,16,16,16,15,15,15,15,15,15,15,16,16,
2018,Gold Coast,4,3,6,14,12,13,13,14,15,15,15,15,15,15,16,17,17,17,17,17,17,17,17,
2018,Carlton,12,17,18,18,18,18,18,17,18,18,18,18,18,18,18,18,18,18,18,18,18,18,18,
2017,Adelaide,1,2,1,2,1,1,1,1,1,1,2,1,1,2,2,1,1,1,1,1,1,1,1,
2017,Geelong,2,7,3,1,2,3,3,5,3,3,3,3,3,3,3,3,2,2,2,4,3,3,2,
2017,Richmond,3,3,2,3,3,4,6,7,7,5,4,4,6,6,4,6,5,4,4,3,4,4,3,
2017,GWS Giants,18,9,5,4,4,2,2,2,2,2,1,2,2,1,1,2,3,3,3,2,2,2,4,
2017,Port Adelaide,5,1,4,7,6,5,7,4,6,8,5,5,4,4,5,4,4,5,5,5,6,5,5,
2017,Sydney,14,15,16,16,18,18,17,15,12,15,16,14,12,10,9,8,6,6,6,6,5,6,6,
2017,Essendon,7,6,7,11,8,10,12,11,10,11,12,7,8,11,11,10,10,8,10,8,10,8,7,
2017,West Coast,4,5,6,5,7,6,4,3,4,6,7,9,7,7,7,9,8,9,8,9,8,9,8,
2017,Melbourne,6,4,8,8,10,8,10,10,11,9,9,6,5,5,6,5,7,7,7,10,7,7,9,
2017,Western Bulldogs,8,8,9,6,5,7,5,8,8,4,6,8,9,9,10,11,11,10,9,7,9,11,10,
2017,St Kilda,13,13,10,10,11,9,8,6,9,10,11,12,10,8,8,7,9,11,11,11,11,10,11,
2017,Hawthorn,12,14,18,18,15,17,16,14,17,14,15,17,17,16,13,13,13,12,12,13,12,12,12,
2017,Collingwood,11,11,12,13,13,12,15,17,13,12,10,11,13,13,15,15,14,13,13,12,13,13,13,
2017,Fremantle,17,18,15,12,9,11,9,9,5,7,8,10,11,12,14,12,12,14,14,14,14,14,14,
2017,North Melbourne,15,12,17,17,17,15,14,16,14,13,13,15,16,17,17,17,17,17,16,16,16,17,15,
2017,Carlton,16,16,14,14,16,14,13,13,16,17,17,16,15,15,16,16,16,16,17,17,17,15,16,
2017,Gold Coast,10,17,11,9,12,13,11,12,15,16,14,13,14,14,12,14,15,15,15,15,15,16,17,
2017,Brisbane,9,10,13,15,14,16,18,18,18,18,18,18,18,18,18,18,18,18,18,18,18,18,18,
2016,Sydney,2,2,1,3,3,3,3,4,4,2,2,3,2,2,4,2,5,3,3,2,2,1,1,
2016,Geelong,5,6,5,4,4,2,2,2,2,3,3,2,1,3,2,6,7,4,4,5,4,3,2,
2016,Hawthorn,14,7,9,8,5,8,6,6,7,7,5,5,4,1,1,1,1,1,1,1,1,4,3,
2016,GWS Giants,10,9,11,9,6,5,5,3,3,4,6,6,5,4,3,7,4,2,2,4,5,5,4,
2016,Adelaide,11,5,6,7,9,7,8,8,8,8,8,7,8,6,5,3,2,6,5,3,3,2,5,
2016,West Coast,4,8,7,6,8,6,7,7,6,5,7,8,7,8,8,5,6,5,6,6,6,6,6,
2016,Western Bulldogs,1,1,4,2,2,4,4,5,5,6,4,4,6,7,6,4,3,7,7,7,7,7,7,
2016,North Melbourne,8,4,3,1,1,1,1,1,1,1,1,1,3,5,7,8,8,8,8,8,8,8,8,
2016,St Kilda,13,18,13,12,13,12,13,14,13,13,13,12,12,12,13,12,10,9,10,9,10,9,9,
2016,Port Adelaide,6,12,8,11,12,11,10,10,10,10,9,9,9,9,9,9,9,10,9,10,11,11,10,
2016,Melbourne,9,11,10,10,10,9,9,9,9,9,11,10,10,10,10,10,11,11,11,11,9,10,11,
2016,Collingwood,17,14,14,15,11,13,14,12,11,12,12,14,14,14,11,11,12,12,12,12,12,12,12,
2016,Richmond,7,10,12,13,14,15,15,15,14,14,14,13,13,11,12,13,13,13,13,13,13,13,13,
2016,Carlton,12,15,17,18,15,14,12,11,12,11,10,11,11,13,14,14,14,14,15,15,15,14,14,
2016,Gold Coast,3,3,2,5,7,10,11,13,15,15,15,15,16,16,15,15,15,15,14,14,14,15,15,
2016,Fremantle,18,17,16,17,18,18,18,18,18,18,16,16,15,15,16,16,16,16,16,16,16,16,16,
2016,Brisbane,15,16,18,14,16,16,16,16,16,16,17,17,17,17,17,17,17,17,17,17,17,17,17,
2016,Essendon,16,13,15,16,17,17,17,17,17,17,18,18,18,18,18,18,18,18,18,18,18,18,18,
2015,Fremantle,9,4,3,1,1,1,1,1,1,1,1,1,1,1,1,1,1,1,1,1,1,1,1,
2015,West Coast,11,7,10,8,5,2,2,2,2,3,3,2,2,2,2,2,2,2,2,2,2,2,2,
2015,Hawthorn,2,6,4,7,4,8,6,7,6,6,6,5,4,4,4,3,3,3,3,3,3,3,3,
2015,Sydney,5,2,2,4,6,4,3,3,3,2,2,3,3,3,3,4,4,4,5,5,4,4,4,
2015,Richmond,3,9,5,9,11,13,10,8,8,8,8,8,6,6,5,5,5,6,7,6,5,5,5,
2015,Western Bulldogs,8,5,9,6,3,7,8,11,9,11,11,9,8,7,6,6,6,5,4,4,6,6,6,
2015,Adelaide,1,1,1,5,7,5,4,6,7,7,7,7,7,8,9,8,7,9,9,8,8,7,7,
2015,North Melbourne,18,10,11,10,12,9,9,12,13,12,12,11,11,11,10,10,8,7,6,7,7,8,8,
2015,Port Adelaide,10,15,13,13,10,10,12,13,11,9,10,12,12,12,12,12,12,12,12,12,10,9,9,
2015,Geelong,17,18,15,16,14,12,13,10,12,10,9,10,10,10,11,11,10,8,8,9,9,11,10,
2015,GWS Giants,7,3,7,2,8,6,5,4,5,5,5,6,9,9,8,7,9,10,10,10,11,10,11,
2015,Collingwood,6,12,6,3,2,3,7,5,4,4,4,4,5,5,7,9,11,11,11,11,12,12,12,
2015,Melbourne,4,13,12,12,13,15,15,14,15,15,15,15,15,15,15,15,15,14,14,14,14,14,13,
2015,St Kilda,12,8,14,15,16,14,14,15,14,14,14,14,14,13,13,13,13,13,13,13,13,13,14,
2015,Essendon,14,11,8,11,9,11,11,9,10,13,13,13,13,14,14,14,14,15,15,15,15,15,15,
2015,Gold Coast,15,14,16,17,15,16,17,17,17,18,17,18,18,17,17,17,17,17,16,16,16,16,16,
2015,Brisbane,13,17,18,18,18,18,16,16,16,16,16,17,17,18,18,18,18,18,18,17,18,18,17,
2015,Carlton,16,16,17,14,17,17,18,18,18,17,18,16,16,16,16,16,16,16,17,18,17,17,18,
2014,Sydney,14,14,11,13,13,9,7,4,3,5,3,3,3,3,3,1,1,1,2,2,1,1,1,
2014,Hawthorn,4,5,2,1,3,2,1,2,2,4,2,2,2,2,1,2,3,2,1,1,3,2,2,
2014,Geelong,6,4,3,2,1,3,3,3,4,2,6,5,4,5,5,5,4,3,3,3,2,3,3,
2014,Fremantle,1,2,7,5,5,8,6,8,6,7,7,6,5,4,4,4,2,4,4,4,4,4,4,
2014,Port Adelaide,7,3,5,3,2,1,2,1,1,1,1,1,1,1,2,3,5,5,5,5,5,5,5,
2014,North Melbourne,16,10,10,6,7,5,8,10,7,8,8,7,7,7,7,7,6,6,6,6,6,6,6,
2014,Essendon,3,7,4,7,10,12,10,9,11,11,10,9,9,9,10,10,7,7,7,8,7,7,7,
2014,Richmond,10,9,12,14,11,13,13,15,16,13,13,13,15,16,13,12,12,12,12,12,9,8,8,
2014,West Coast,2,1,1,4,4,7,9,7,9,9,11,11,11,10,11,11,11,11,11,11,12,10,9,
2014,Adelaide,13,16,17,15,12,10,11,11,10,10,9,10,10,11,9,9,10,8,10,7,8,11,10,
2014,Collingwood,18,12,13,9,6,4,4,5,8,6,4,4,6,6,6,6,8,9,8,9,10,9,11,
2014,Gold Coast,9,11,8,11,8,6,5,6,5,3,5,8,8,8,8,8,9,10,9,10,11,12,12,
2014,Carlton,12,13,15,17,16,16,16,13,13,12,12,12,12,12,14,13,14,13,13,13,13,13,13,
2014,Western Bulldogs,17,17,14,10,15,15,15,12,12,14,14,14,13,13,12,14,13,14,14,14,14,14,14,
2014,Brisbane,15,15,16,18,18,18,18,18,18,18,18,16,17,17,17,17,17,15,15,15,15,15,15,
2014,GWS Giants,5,8,6,8,14,14,14,16,17,17,17,18,16,14,16,15,15,16,16,17,16,16,16,
2014,Melbourne,11,18,18,16,17,17,17,17,14,15,15,15,14,15,15,16,16,17,17,16,17,17,17,
2014,St Kilda,8,6,9,12,9,11,12,14,15,16,16,17,18,18,18,18,18,18,18,18,18,18,18,
2013,Hawthorn,11,9,6,4,4,5,3,1,1,1,2,1,1,1,1,1,1,1,1,1,1,1,1,
2013,Geelong,8,7,5,3,3,2,1,2,2,2,1,2,2,2,2,2,3,2,3,2,2,2,2,
2013,Fremantle,5,4,7,9,7,6,6,5,4,4,5,5,3,5,5,5,5,5,4,4,4,3,3,
2013,Sydney,4,3,3,5,5,4,5,4,5,3,3,4,5,4,4,4,4,3,2,3,3,4,4,
2013,Richmond,9,6,4,6,6,9,7,7,10,7,9,7,6,6,6,6,6,6,7,6,5,5,5,
2013,Collingwood,6,5,8,7,8,7,8,8,11,8,6,6,7,8,7,7,7,7,6,5,6,6,6,
2013,Port Adelaide,1,2,2,2,2,3,4,6,9,11,11,10,8,7,8,8,8,8,8,8,8,8,7,
2013,Carlton,10,13,15,13,9,8,11,10,8,6,7,8,9,9,11,9,9,9,9,9,9,9,8,
2013,Essendon,3,1,1,1,1,1,2,3,3,5,4,3,4,3,3,3,2,4,5,7,7,7,9,
2013,North Melbourne,13,12,16,11,13,11,12,13,13,12,13,13,13,12,10,11,13,10,10,11,10,11,10,
2013,Adelaide,16,10,11,8,10,12,9,9,7,9,10,11,11,11,12,12,11,12,13,12,13,12,11,
2013,Brisbane,17,17,14,16,12,14,15,14,14,15,15,15,14,14,14,13,12,13,12,13,12,10,12,
2013,West Coast,14,15,10,12,15,10,10,11,6,10,8,9,10,10,9,10,10,11,11,10,11,13,13,
2013,Gold Coast,7,11,13,14,11,13,13,12,12,13,12,12,12,13,13,14,14,14,14,14,14,14,14,
2013,Western Bulldogs,2,8,12,15,16,16,16,16,16,14,14,14,16,16,15,15,15,15,15,15,15,15,15,
2013,St Kilda,12,14,9,10,14,15,14,15,15,16,16,16,15,15,16,16,16,16,16,16,16,16,16,
2013,Melbourne,18,18,18,17,17,17,17,17,17,17,17,17,17,17,17,17,17,17,17,17,17,17,17,
2013,GWS Giants,15,16,17,18,18,18,18,18,18,18,18,18,18,18,18,18,18,18,18,18,18,18,18,
2012,Hawthorn,6,8,7,9,11,11,9,6,8,6,6,5,6,6,5,4,3,2,4,4,2,1,1,
2012,Adelaide,2,3,8,5,4,5,3,2,3,3,5,2,5,5,3,2,2,3,2,2,3,3,2,
2012,Sydney,1,4,3,2,2,3,5,4,5,5,2,4,2,2,1,1,1,1,1,1,1,2,3,
2012,Collingwood,13,9,13,12,10,8,7,5,4,4,1,3,1,1,4,3,4,4,3,3,4,5,4,
2012,West Coast,3,1,1,1,1,1,1,1,1,1,3,1,4,3,2,5,5,5,5,5,5,4,5,
2012,Geelong,11,10,11,10,8,6,10,10,9,8,7,7,7,7,7,7,7,6,6,7,7,6,6,
2012,Fremantle,8,11,9,6,9,7,6,8,10,11,10,11,12,13,12,10,9,9,9,9,8,7,7,
2012,North Melbourne,10,6,6,8,7,10,11,12,11,12,12,12,11,8,11,9,8,8,7,6,6,8,8,
2012,St Kilda,12,7,5,7,6,9,8,9,7,9,8,8,8,9,8,8,10,10,10,10,11,9,9,
2012,Carlton,4,2,2,4,3,2,4,7,6,7,9,9,9,10,9,12,11,11,11,11,9,10,10,
2012,Essendon,9,5,4,3,5,4,2,3,2,2,4,6,3,4,6,6,6,7,8,8,10,11,11,
2012,Richmond,15,15,10,13,14,12,12,13,12,10,11,10,10,11,10,11,12,12,12,12,12,12,12,
2012,Brisbane,5,13,14,11,12,14,14,14,14,14,14,15,13,12,13,13,13,13,13,13,13,13,13,
2012,Port Adelaide,7,12,12,14,15,15,15,15,15,13,13,14,15,15,15,15,14,14,14,14,14,14,14,
2012,Western Bulldogs,16,14,15,15,13,13,13,11,13,15,15,13,14,14,14,14,15,15,15,15,15,15,15,
2012,Melbourne,14,16,17,16,16,17,18,18,18,16,16,16,16,16,16,16,16,16,16,16,16,16,16,
2012,Gold Coast,17,17,16,17,17,16,17,17,17,18,18,18,18,18,18,17,17,17,18,17,17,17,17,
2012,GWS Giants,18,18,18,18,18,18,16,16,16,17,17,17,17,17,17,18,18,18,17,18,18,18,18,
2011,Collingwood,2,1,1,1,1,1,1,2,2,2,2,2,2,2,2,1,1,1,1,1,1,1,1,1
2011,Geelong,7,4,2,2,2,2,2,1,1,1,1,1,1,1,1,2,2,2,2,2,2,2,2,2
2011,Hawthorn,14,9,7,3,5,6,5,5,3,3,3,4,4,3,4,3,3,3,3,3,3,3,3,3
2011,West Coast,5,3,9,10,10,7,10,7,6,7,6,6,5,5,5,5,5,5,5,5,5,4,4,4
2011,Carlton,3,2,4,5,4,3,3,4,5,4,4,3,3,4,3,4,4,4,4,4,4,5,5,5
2011,St Kilda,11,11,12,13,11,13,14,15,13,11,11,9,12,13,12,11,10,8,7,6,6,6,6,6
2011,Sydney,8,5,3,8,8,9,8,6,8,6,5,5,6,6,7,6,8,6,6,7,8,7,7,7
2011,Essendon,1,6,6,6,6,5,4,3,4,5,7,8,8,10,8,8,7,9,9,8,7,8,8,8
2011,North Melbourne,13,16,15,16,17,14,15,13,14,14,12,12,11,9,10,12,11,10,10,10,10,9,9,9
2011,Western Bulldogs,17,8,5,9,9,11,11,11,11,12,13,13,13,12,11,9,12,12,12,12,12,11,13,10
2011,Fremantle,6,10,8,4,3,4,6,8,7,8,8,7,7,7,6,7,6,7,8,9,9,10,10,11
2011,Richmond,15,12,13,14,12,10,9,10,9,9,10,11,10,11,13,13,13,13,13,14,13,12,11,12
2011,Melbourne,9,13,10,7,7,8,7,9,10,10,9,10,9,8,9,10,9,11,11,11,11,13,12,13
2011,Adelaide,4,7,11,11,13,12,12,12,12,13,14,14,14,14,14,14,14,14,14,13,14,14,14,14
2011,Brisbane,12,15,14,15,16,17,17,17,16,15,15,15,15,15,15,15,15,15,15,15,15,15,15,15
2011,Port Adelaide,16,14,16,12,14,15,16,16,17,16,16,16,16,16,16,16,17,17,17,17,17,17,17,16
2011,Gold Coast,10,17,17,17,15,16,13,14,15,17,17,17,17,17,17,17,16,16,16,16,16,16,16,17
2011,GWS Giants,,,,,,,,,,,,,,,,,,,,,,,,8
2010,Collingwood,5,5,7,6,3,2,1,1,2,3,2,3,3,3,3,1,1,1,1,1,1,1,,
2010,Geelong,6,4,6,4,7,5,3,2,1,1,1,1,1,1,1,2,2,2,2,2,2,2,,
2010,St Kilda,8,1,1,1,2,3,5,7,5,4,3,2,2,2,2,3,3,3,3,3,3,3,,
2010,Western Bulldogs,12,10,5,8,8,8,8,4,4,5,6,5,5,5,5,5,4,4,4,4,4,4,,
2010,Sydney,9,9,4,3,1,1,4,6,7,7,7,7,7,8,6,6,8,8,7,7,5,5,,
2010,Fremantle,2,2,2,5,4,4,2,3,3,2,4,4,4,4,4,4,5,5,5,5,6,6,,
2010,Hawthorn,1,7,9,11,12,13,14,14,13,11,8,8,8,7,8,7,6,6,8,8,7,7,,
2010,Carlton,3,8,10,7,6,9,7,5,6,6,5,6,6,6,7,8,7,7,6,6,8,8,,
2010,North Melbourne,10,15,13,14,11,11,11,10,12,13,12,9,9,9,9,9,9,9,9,9,9,9,,
2010,Port Adelaide,7,6,8,10,10,7,6,8,8,10,11,12,12,13,14,14,13,13,13,12,10,10,,
2010,Adelaide,15,14,15,15,15,15,15,15,15,15,15,15,14,10,10,10,10,11,11,11,12,11,,
2010,Melbourne,16,12,11,9,9,10,10,11,9,12,13,13,13,14,11,11,11,10,10,10,11,12,,
2010,Brisbane,4,3,3,2,5,6,9,9,11,9,10,11,11,11,12,13,14,15,14,14,13,13,,
2010,Essendon,11,13,12,13,14,12,12,12,10,8,9,10,10,12,13,12,12,12,12,13,14,14,,
2010,Richmond,14,16,16,16,16,16,16,16,16,16,16,16,16,15,15,15,15,14,15,15,15,15,,
2010,West Coast,13,11,14,12,13,14,13,13,14,14,14,14,15,16,16,16,16,16,16,16,16,16,,
2010,Gold Coast,,,,,,,,,,,,,,,,,,,,,,8,,
2009,St Kilda,5,3,1,1,1,1,1,1,1,1,1,1,1,1,1,1,1,1,1,1,1,1,,
2009,Geelong,7,4,3,2,2,2,2,2,2,2,2,2,2,2,2,2,2,2,2,2,2,2,,
2009,Western Bulldogs,2,2,2,3,4,6,3,3,3,3,3,3,3,3,3,3,3,3,4,4,4,3,,
2009,Collingwood,9,5,9,6,8,5,8,11,10,6,5,4,4,4,4,4,4,4,3,3,3,4,,
2009,Adelaide,8,12,8,12,7,11,12,12,11,11,9,6,6,5,5,6,5,5,7,6,6,5,,
2009,Brisbane,6,11,6,8,13,9,6,5,6,4,6,5,5,6,6,5,6,6,5,7,7,6,,
2009,Carlton,1,1,4,5,3,4,7,6,9,5,4,7,8,7,7,7,7,7,6,5,5,7,,
2009,Essendon,14,9,7,9,6,10,5,8,4,9,11,8,7,8,8,8,8,9,9,8,8,8,,
2009,Hawthorn,10,13,10,13,9,8,9,7,7,8,7,9,9,11,10,10,9,10,11,11,9,9,,
2009,Port Adelaide,3,10,5,4,5,3,4,4,8,10,8,10,10,9,9,9,10,8,8,9,10,10,,
2009,West Coast,11,6,13,10,11,12,11,10,13,13,13,13,12,12,12,13,14,13,12,12,12,11,,
2009,Sydney,12,8,11,7,10,7,10,9,5,7,10,11,11,10,11,11,11,11,10,10,11,12,,
2009,North Melbourne,4,7,12,11,12,13,13,13,12,12,12,12,13,13,13,12,13,14,13,13,13,13,,
2009,Fremantle,15,14,14,16,16,14,14,14,14,14,14,15,15,15,16,16,15,15,15,15,14,14,,
2009,Richmond,16,16,16,15,14,15,15,15,15,15,15,14,14,14,14,14,12,12,14,14,15,15,,
2009,Melbourne,13,15,15,14,15,16,16,16,16,16,16,16,16,16,15,15,16,16,16,16,16,16,,
2008,Geelong,6,2,1,2,1,1,1,1,2,2,2,1,1,1,1,1,1,1,1,1,1,1,,
2008,Hawthorn,1,1,2,1,2,2,2,2,1,1,1,2,3,3,3,3,3,3,2,2,2,2,,
2008,Western Bulldogs,8,3,3,3,3,3,3,3,3,3,3,3,2,2,2,2,2,2,3,3,3,3,,
2008,St Kilda,7,4,7,10,7,9,5,9,10,9,9,10,9,8,8,7,9,7,8,8,7,4,,
2008,Adelaide,9,6,5,6,5,4,4,4,4,4,4,5,5,6,6,9,7,6,6,5,6,5,,
2008,Sydney,10,5,4,4,4,5,6,5,5,5,5,4,4,4,4,4,4,4,4,6,8,6,,
2008,North Melbourne,15,9,10,7,6,6,7,6,6,8,8,9,8,10,9,8,5,5,5,4,4,7,,
2008,Collingwood,4,7,6,5,9,7,8,7,7,6,6,6,7,5,5,5,6,8,7,7,5,8,,
2008,Richmond,3,8,12,8,8,10,12,12,11,12,12,11,11,11,11,10,10,10,11,10,9,9,,
2008,Brisbane,12,10,11,9,10,8,10,8,8,7,7,7,6,7,7,6,8,9,9,9,10,10,,
2008,Carlton,14,14,14,12,11,11,11,11,9,11,10,8,10,9,10,11,11,11,10,11,11,11,,
2008,Essendon,2,11,8,11,12,13,13,13,14,14,14,13,13,12,12,12,12,12,12,12,12,12,,
2008,Port Adelaide,11,15,15,15,13,12,9,10,12,10,11,12,12,13,13,13,13,14,14,14,13,13,,
2008,Fremantle,13,13,9,13,14,14,14,14,15,15,15,14,14,14,14,14,14,13,13,13,14,14,,
2008,West Coast,5,12,13,14,15,15,15,15,13,13,13,15,15,15,15,15,15,15,15,15,15,15,,
2008,Melbourne,16,16,16,16,16,16,16,16,16,16,16,16,16,16,16,16,16,16,16,16,16,16,,
2007,Geelong,13,5,2,6,10,6,4,3,2,2,1,1,1,1,1,1,1,1,1,1,1,1,,
2007,Port Adelaide,6,3,10,4,2,2,1,2,7,7,10,8,6,9,5,4,3,4,3,2,2,2,,
2007,West Coast,8,4,1,1,1,1,2,1,1,1,2,3,3,2,4,5,4,5,4,3,3,3,,
2007,North Melbourne,10,13,13,14,11,10,7,6,6,8,6,9,7,5,3,2,2,2,5,5,5,4,,
2007,Hawthorn,16,8,8,5,8,5,8,5,4,3,3,2,2,3,2,3,5,3,2,4,4,5,,
2007,Collingwood,7,9,9,9,7,4,3,7,5,4,5,4,4,4,6,6,6,6,7,6,6,6,,
2007,Sydney,9,6,4,8,3,7,11,9,8,9,7,10,10,10,8,8,7,7,6,7,7,7,,
2007,Adelaide,14,7,5,3,4,8,5,4,3,5,8,5,8,6,9,9,12,11,11,10,8,8,,
2007,St Kilda,2,11,6,10,13,11,9,12,13,13,14,12,12,12,11,11,9,9,9,8,9,9,,
2007,Brisbane,1,1,3,7,6,3,6,11,12,11,12,13,13,13,12,12,11,8,8,9,10,10,,
2007,Fremantle,11,14,14,13,12,13,13,13,11,12,11,11,11,11,13,13,13,13,12,13,11,11,,
2007,Essendon,3,2,7,2,5,9,12,10,9,6,4,6,5,8,10,10,8,12,13,11,12,12,,
2007,Western Bulldogs,4,10,12,11,9,12,10,8,10,10,9,7,9,7,7,7,10,10,10,12,13,13,,
2007,Melbourne,15,16,16,16,16,15,15,15,15,15,15,15,15,15,15,15,15,15,14,14,14,14,,
2007,Carlton,5,12,11,12,14,14,14,14,14,14,13,14,14,14,14,14,14,14,15,15,15,15,,
2007,Richmond,12,15,15,15,15,16,16,16,16,16,16,16,16,16,16,16,16,16,16,16,16,16,,
2006,West Coast,7,3,2,2,1,3,2,1,1,1,1,2,2,2,2,2,2,2,2,1,1,1,,
2006,Adelaide,4,4,6,5,2,2,1,3,2,2,2,1,1,1,1,1,1,1,1,2,2,2,,
2006,Fremantle,9,8,8,8,6,6,8,7,8,7,8,9,10,9,8,8,8,8,6,4,3,3,,
2006,Sydney,12,14,12,12,9,8,5,4,4,4,4,6,6,6,7,7,6,4,3,5,5,4,,
2006,Collingwood,13,7,4,3,3,1,3,2,3,3,3,3,3,4,6,4,5,6,7,6,6,5,,
2006,St Kilda,10,9,7,7,8,7,10,8,5,8,7,7,7,7,5,5,4,5,4,7,7,6,,
2006,Melbourne,11,15,15,13,10,9,7,6,7,6,6,5,4,3,3,3,3,3,5,3,4,7,,
2006,Western Bulldogs,1,2,1,1,4,4,4,5,6,5,5,4,5,5,4,6,7,7,8,8,8,8,,
2006,Richmond,16,16,16,16,12,10,11,10,9,9,9,10,8,8,9,10,10,10,10,10,9,9,,
2006,Geelong,2,1,3,6,7,11,9,11,12,13,11,11,11,10,10,9,9,9,9,9,10,10,,
2006,Hawthorn,8,10,5,4,5,5,6,9,11,11,13,12,13,14,14,14,14,14,14,14,12,11,,
2006,Port Adelaide,14,11,11,9,11,13,15,15,13,12,10,8,9,11,12,12,12,13,11,11,11,12,,
2006,Brisbane,15,13,14,14,16,16,14,12,10,10,12,13,12,12,11,11,11,11,12,12,13,13,,
2006,North Melbourne,3,12,13,15,15,12,13,14,14,14,14,14,14,13,13,13,13,12,13,13,14,14,,
2006,Essendon,5,5,10,10,13,14,16,16,16,16,16,16,16,16,16,16,15,16,15,15,15,15,,
2006,Carlton,6,6,9,11,14,15,12,13,15,15,15,15,15,15,15,15,16,15,16,16,16,16,,
2005,Adelaide,9,9,4,3,5,4,8,8,5,5,3,4,3,2,2,2,2,2,2,2,2,1,,
2005,West Coast,8,3,3,1,1,1,1,1,1,1,1,1,1,1,1,1,1,1,1,1,1,2,,
2005,Sydney,1,5,5,8,10,12,10,10,6,9,6,6,5,6,5,4,3,4,4,4,3,3,,
2005,St Kilda,11,11,12,7,4,3,7,7,9,7,8,8,9,9,9,6,4,3,3,3,4,4,,
2005,North Melbourne,7,2,2,2,2,2,5,5,7,6,7,7,6,5,7,5,6,5,5,5,5,5,,
2005,Geelong,4,6,10,6,6,5,3,2,2,2,4,3,4,3,3,3,5,6,7,6,6,6,,
2005,Melbourne,2,1,1,4,3,6,2,4,4,3,2,2,2,4,4,7,8,9,11,10,8,7,,
2005,Port Adelaide,14,13,15,10,13,14,11,13,11,12,11,9,8,10,10,10,10,11,9,11,9,8,,
2005,Western Bulldogs,5,8,9,13,8,10,9,9,10,10,10,11,11,11,12,12,12,12,10,9,11,9,,
2005,Fremantle,3,4,7,12,9,8,6,6,8,8,9,12,12,12,11,11,11,8,8,8,7,10,,
2005,Brisbane,6,7,8,14,16,11,13,11,13,14,12,10,10,8,8,9,7,7,6,7,10,11,,
2005,Richmond,13,12,6,5,7,7,4,3,3,4,5,5,7,7,6,8,9,10,12,12,12,12,,
2005,Essendon,15,15,14,16,11,13,14,12,14,11,14,14,13,14,14,13,13,13,13,13,13,13,,
2005,Hawthorn,16,16,16,15,15,15,15,15,12,13,15,15,15,15,15,15,15,15,15,14,14,14,,
2005,Collingwood,12,14,11,11,14,16,16,16,16,15,13,13,14,13,13,14,14,14,14,15,15,15,,
2005,Carlton,10,10,13,9,12,9,12,14,15,16,16,16,16,16,16,16,16,16,16,16,16,16,,
2004,Port Adelaide,1,3,2,2,2,3,4,6,4,4,5,4,4,3,3,3,3,4,2,2,1,1,,
2004,Brisbane,8,4,4,4,3,5,3,3,3,3,3,2,3,2,2,2,1,2,4,3,2,2,,
2004,St Kilda,3,1,1,1,1,1,1,1,1,1,1,1,1,1,1,1,2,3,1,1,3,3,,
2004,Geelong,14,15,16,13,13,10,8,8,7,8,7,6,5,5,5,5,5,5,5,4,4,4,,
2004,Melbourne,11,8,7,6,5,2,2,2,2,2,2,3,2,4,4,4,4,1,3,5,5,5,,
2004,Sydney,9,5,5,3,6,7,7,10,8,7,6,8,8,7,7,7,8,7,8,7,6,6,,
2004,West Coast,7,10,9,8,10,9,14,11,13,10,10,10,11,10,10,10,10,10,10,9,7,7,,
2004,Essendon,16,16,13,9,8,6,6,4,6,5,4,5,6,8,6,8,9,8,9,8,9,8,,
2004,Fremantle,4,7,6,5,4,4,5,5,5,6,8,7,7,6,9,6,6,6,6,6,8,9,,
2004,North Melbourne,2,2,3,7,7,8,9,7,9,9,9,9,9,9,8,9,7,9,7,10,10,10,,
2004,Carlton,13,9,8,11,9,12,10,12,12,15,12,11,10,11,11,11,11,12,12,12,11,11,,
2004,Adelaide,15,14,15,16,11,14,12,14,14,12,14,15,12,12,12,12,13,13,13,13,12,12,,
2004,Collingwood,12,12,12,15,15,16,16,16,16,14,11,13,14,13,13,13,12,11,11,11,13,13,,
2004,Western Bulldogs,10,13,14,10,12,11,13,13,11,13,15,12,13,14,14,14,14,14,14,14,14,14,,
2004,Hawthorn,6,6,10,12,14,15,15,15,15,16,16,16,16,16,16,16,16,16,16,16,15,15,,
2004,Richmond,5,11,11,14,16,13,11,9,10,11,13,14,15,15,15,15,15,15,15,15,16,16,,
2003,Port Adelaide,14,15,9,7,6,4,5,4,3,3,2,1,1,1,1,1,1,1,1,1,1,1,,
2003,Collingwood,6,3,1,3,7,8,8,9,8,9,8,8,8,7,6,6,5,3,4,3,2,2,,
2003,Brisbane,2,1,2,1,1,1,1,1,1,1,1,3,3,3,3,4,6,6,3,6,3,3,,
2003,Sydney,1,4,8,12,9,7,6,5,7,6,4,4,5,5,5,2,2,4,5,4,6,4,,
2003,Fremantle,13,13,14,10,11,10,7,6,4,4,5,5,6,6,7,7,7,7,6,5,8,5,,
2003,Adelaide,4,6,5,2,4,2,4,7,6,5,7,7,4,4,4,5,4,2,2,2,4,6,,
2003,West Coast,3,5,4,6,3,3,2,2,2,2,3,2,2,2,2,3,3,5,7,7,5,7,,
2003,Essendon,15,10,11,8,5,6,11,8,10,10,11,11,9,9,9,9,9,8,8,8,7,8,,
2003,Hawthorn,9,8,12,9,10,9,12,14,13,13,12,12,11,10,10,10,10,10,10,9,9,9,,
2003,North Melbourne,7,2,3,5,8,12,10,11,9,8,6,6,7,8,8,8,8,9,9,11,11,10,,
2003,St Kilda,10,11,15,16,12,11,9,10,11,11,10,10,12,12,12,11,12,11,11,10,10,11,,
2003,Geelong,12,14,16,14,16,16,16,16,15,15,13,14,15,14,13,13,13,13,13,13,13,12,,
2003,Richmond,11,9,6,4,2,5,3,3,5,7,9,9,10,11,11,12,11,12,12,12,12,13,,
2003,Melbourne,8,12,7,11,13,13,13,12,12,12,14,15,13,13,14,14,14,14,14,14,14,14,,
2003,Carlton,16,16,13,15,14,14,14,13,14,14,15,13,14,15,15,15,15,15,15,15,15,15,,
2003,Western Bulldogs,5,7,10,13,15,15,15,15,16,16,16,16,16,16,16,16,16,16,16,16,16,16,,
